CNN_W,HSV_W,DEFECT_W,D_THRESH,U_MARGIN,Accuracy,Macro_Precision,Macro_Recall,Macro_F1,Weighted_F1,Mango_Accuracy,Mango_F1,CNN_Cor->Hyb_Wr,CNN_Wr->Hyb_Cor,Uncertainties
0.7,0.05,0.25,10.0,0.05,0.8676470588235294,0.7532475490196078,0.780083206375249,0.7205817276954133,0.9127718904441383,0.8731343283582089,0.9292446891748,1,1,0
0.7,0.05,0.25,10.0,0.07,0.8676470588235294,0.7532475490196078,0.780083206375249,0.7205817276954133,0.9127718904441383,0.8731343283582089,0.9292446891748,1,1,0
0.7,0.05,0.25,10.0,0.1,0.8676470588235294,0.7532475490196078,0.780083206375249,0.7205817276954133,0.9127718904441383,0.8731343283582089,0.9292446891748,1,1,0
0.7,0.05,0.25,10.0,0.15,0.8676470588235294,0.7532475490196078,0.780083206375249,0.7205817276954133,0.9127718904441383,0.8731343283582089,0.9292446891748,1,1,0
0.7,0.05,0.25,12.0,0.05,0.8676470588235294,0.7532475490196078,0.780083206375249,0.7205817276954133,0.9127718904441383,0.8731343283582089,0.9292446891748,1,1,0
0.7,0.05,0.25,12.0,0.07,0.8676470588235294,0.7532475490196078,0.780083206375249,0.7205817276954133,0.9127718904441383,0.8731343283582089,0.9292446891748,1,1,0
0.7,0.05,0.25,12.0,0.1,0.8676470588235294,0.7532475490196078,0.780083206375249,0.7205817276954133,0.9127718904441383,0.8731343283582089,0.9292446891748,1,1,0
0.7,0.05,0.25,12.0,0.15,0.8676470588235294,0.7532475490196078,0.780083206375249,0.7205817276954133,0.9127718904441383,0.8731343283582089,0.9292446891748,1,1,0
0.7,0.05,0.25,15.0,0.05,0.8676470588235294,0.7532475490196078,0.780083206375249,0.7205817276954133,0.9127718904441383,0.8731343283582089,0.9292446891748,1,1,0
0.7,0.05,0.25,15.0,0.07,0.8676470588235294,0.7532475490196078,0.780083206375249,0.7205817276954133,0.9127718904441383,0.8731343283582089,0.9292446891748,1,1,0
0.7,0.05,0.25,15.0,0.1,0.8676470588235294,0.7532475490196078,0.780083206375249,0.7205817276954133,0.9127718904441383,0.8731343283582089,0.9292446891748,1,1,0
0.7,0.05,0.25,15.0,0.15,0.8676470588235294,0.7532475490196078,0.780083206375249,0.7205817276954133,0.9127718904441383,0.8731343283582089,0.9292446891748,1,1,0
0.7,0.05,0.25,18.0,0.05,0.8676470588235294,0.7532475490196078,0.780083206375249,0.7205817276954133,0.9127718904441383,0.8731343283582089,0.9292446891748,1,1,0
0.7,0.05,0.25,18.0,0.07,0.8676470588235294,0.7532475490196078,0.780083206375249,0.7205817276954133,0.9127718904441383,0.8731343283582089,0.9292446891748,1,1,0
0.7,0.05,0.25,18.0,0.1,0.8676470588235294,0.7532475490196078,0.780083206375249,0.7205817276954133,0.9127718904441383,0.8731343283582089,0.9292446891748,1,1,0
0.7,0.05,0.25,18.0,0.15,0.8676470588235294,0.7532475490196078,0.780083206375249,0.7205817276954133,0.9127718904441383,0.8731343283582089,0.9292446891748,1,1,0
0.7,0.05,0.25,20.0,0.05,0.8676470588235294,0.7532475490196078,0.780083206375249,0.7205817276954133,0.9127718904441383,0.8731343283582089,0.9292446891748,1,1,0
0.7,0.05,0.25,20.0,0.07,0.8676470588235294,0.7532475490196078,0.780083206375249,0.7205817276954133,0.9127718904441383,0.8731343283582089,0.9292446891748,1,1,0
0.7,0.05,0.25,20.0,0.1,0.8676470588235294,0.7532475490196078,0.780083206375249,0.7205817276954133,0.9127718904441383,0.8731343283582089,0.9292446891748,1,1,0
0.7,0.05,0.25,20.0,0.15,0.8676470588235294,0.7532475490196078,0.780083206375249,0.7205817276954133,0.9127718904441383,0.8731343283582089,0.9292446891748,1,1,0
0.7,0.05,0.25,25.0,0.05,0.8676470588235294,0.7532475490196078,0.780083206375249,0.7205817276954133,0.9127718904441383,0.8731343283582089,0.9292446891748,1,1,0
0.7,0.05,0.25,25.0,0.07,0.8676470588235294,0.7532475490196078,0.780083206375249,0.7205817276954133,0.9127718904441383,0.8731343283582089,0.9292446891748,1,1,0
0.7,0.05,0.25,25.0,0.1,0.8676470588235294,0.7532475490196078,0.780083206375249,0.7205817276954133,0.9127718904441383,0.8731343283582089,0.9292446891748,1,1,0
0.7,0.05,0.25,25.0,0.15,0.8676470588235294,0.7532475490196078,0.780083206375249,0.7205817276954133,0.9127718904441383,0.8731343283582089,0.9292446891748,1,1,0
0.7,0.1,0.2,10.0,0.05,0.8676470588235294,0.7532475490196078,0.780083206375249,0.7205817276954133,0.9127718904441383,0.8731343283582089,0.9292446891748,1,1,0
0.7,0.1,0.2,10.0,0.07,0.8676470588235294,0.7532475490196078,0.780083206375249,0.7205817276954133,0.9127718904441383,0.8731343283582089,0.9292446891748,1,1,0
0.7,0.1,0.2,10.0,0.1,0.8676470588235294,0.7532475490196078,0.780083206375249,0.7205817276954133,0.9127718904441383,0.8731343283582089,0.9292446891748,1,1,0
0.7,0.1,0.2,10.0,0.15,0.8676470588235294,0.7532475490196078,0.780083206375249,0.7205817276954133,0.9127718904441383,0.8731343283582089,0.9292446891748,1,1,0
0.7,0.1,0.2,12.0,0.05,0.8676470588235294,0.7532475490196078,0.780083206375249,0.7205817276954133,0.9127718904441383,0.8731343283582089,0.9292446891748,1,1,0
0.7,0.1,0.2,12.0,0.07,0.8676470588235294,0.7532475490196078,0.780083206375249,0.7205817276954133,0.9127718904441383,0.8731343283582089,0.9292446891748,1,1,0
0.7,0.1,0.2,12.0,0.1,0.8676470588235294,0.7532475490196078,0.780083206375249,0.7205817276954133,0.9127718904441383,0.8731343283582089,0.9292446891748,1,1,0
0.7,0.1,0.2,12.0,0.15,0.8676470588235294,0.7532475490196078,0.780083206375249,0.7205817276954133,0.9127718904441383,0.8731343283582089,0.9292446891748,1,1,0
0.7,0.1,0.2,15.0,0.05,0.8676470588235294,0.7532475490196078,0.780083206375249,0.7205817276954133,0.9127718904441383,0.8731343283582089,0.9292446891748,1,1,0
0.7,0.1,0.2,15.0,0.07,0.8676470588235294,0.7532475490196078,0.780083206375249,0.7205817276954133,0.9127718904441383,0.8731343283582089,0.9292446891748,1,1,0
0.7,0.1,0.2,15.0,0.1,0.8676470588235294,0.7532475490196078,0.780083206375249,0.7205817276954133,0.9127718904441383,0.8731343283582089,0.9292446891748,1,1,0
0.7,0.1,0.2,15.0,0.15,0.8676470588235294,0.7532475490196078,0.780083206375249,0.7205817276954133,0.9127718904441383,0.8731343283582089,0.9292446891748,1,1,0
0.7,0.1,0.2,18.0,0.05,0.8676470588235294,0.7532475490196078,0.780083206375249,0.7205817276954133,0.9127718904441383,0.8731343283582089,0.9292446891748,1,1,0
0.7,0.1,0.2,18.0,0.07,0.8676470588235294,0.7532475490196078,0.780083206375249,0.7205817276954133,0.9127718904441383,0.8731343283582089,0.9292446891748,1,1,0
0.7,0.1,0.2,18.0,0.1,0.8676470588235294,0.7532475490196078,0.780083206375249,0.7205817276954133,0.9127718904441383,0.8731343283582089,0.9292446891748,1,1,0
0.7,0.1,0.2,18.0,0.15,0.8676470588235294,0.7532475490196078,0.780083206375249,0.7205817276954133,0.9127718904441383,0.8731343283582089,0.9292446891748,1,1,0
0.7,0.1,0.2,20.0,0.05,0.8676470588235294,0.7532475490196078,0.780083206375249,0.7205817276954133,0.9127718904441383,0.8731343283582089,0.9292446891748,1,1,0
0.7,0.1,0.2,20.0,0.07,0.8676470588235294,0.7532475490196078,0.780083206375249,0.7205817276954133,0.9127718904441383,0.8731343283582089,0.9292446891748,1,1,0
0.7,0.1,0.2,20.0,0.1,0.8676470588235294,0.7532475490196078,0.780083206375249,0.7205817276954133,0.9127718904441383,0.8731343283582089,0.9292446891748,1,1,0
0.7,0.1,0.2,20.0,0.15,0.8676470588235294,0.7532475490196078,0.780083206375249,0.7205817276954133,0.9127718904441383,0.8731343283582089,0.9292446891748,1,1,0
0.7,0.1,0.2,25.0,0.05,0.8676470588235294,0.7532475490196078,0.780083206375249,0.7205817276954133,0.9127718904441383,0.8731343283582089,0.9292446891748,1,1,0
0.7,0.1,0.2,25.0,0.07,0.8676470588235294,0.7532475490196078,0.780083206375249,0.7205817276954133,0.9127718904441383,0.8731343283582089,0.9292446891748,1,1,0
0.7,0.1,0.2,25.0,0.1,0.8676470588235294,0.7532475490196078,0.780083206375249,0.7205817276954133,0.9127718904441383,0.8731343283582089,0.9292446891748,1,1,0
0.7,0.1,0.2,25.0,0.15,0.8676470588235294,0.7532475490196078,0.780083206375249,0.7205817276954133,0.9127718904441383,0.8731343283582089,0.9292446891748,1,1,0
0.7,0.15,0.15,10.0,0.05,0.8676470588235294,0.7532475490196078,0.780083206375249,0.7205817276954133,0.9127718904441383,0.8731343283582089,0.9292446891748,1,1,0
0.7,0.15,0.15,10.0,0.07,0.8676470588235294,0.7532475490196078,0.780083206375249,0.7205817276954133,0.9127718904441383,0.8731343283582089,0.9292446891748,1,1,0
0.7,0.15,0.15,10.0,0.1,0.8676470588235294,0.7532475490196078,0.780083206375249,0.7205817276954133,0.9127718904441383,0.8731343283582089,0.9292446891748,1,1,0
0.7,0.15,0.15,10.0,0.15,0.8676470588235294,0.7532475490196078,0.780083206375249,0.7205817276954133,0.9127718904441383,0.8731343283582089,0.9292446891748,1,1,0
0.7,0.15,0.15,12.0,0.05,0.8676470588235294,0.7532475490196078,0.780083206375249,0.7205817276954133,0.9127718904441383,0.8731343283582089,0.9292446891748,1,1,0
0.7,0.15,0.15,12.0,0.07,0.8676470588235294,0.7532475490196078,0.780083206375249,0.7205817276954133,0.9127718904441383,0.8731343283582089,0.9292446891748,1,1,0
0.7,0.15,0.15,12.0,0.1,0.8676470588235294,0.7532475490196078,0.780083206375249,0.7205817276954133,0.9127718904441383,0.8731343283582089,0.9292446891748,1,1,0
0.7,0.15,0.15,12.0,0.15,0.8676470588235294,0.7532475490196078,0.780083206375249,0.7205817276954133,0.9127718904441383,0.8731343283582089,0.9292446891748,1,1,0
0.7,0.15,0.15,15.0,0.05,0.8676470588235294,0.7532475490196078,0.780083206375249,0.7205817276954133,0.9127718904441383,0.8731343283582089,0.9292446891748,1,1,0
0.7,0.15,0.15,15.0,0.07,0.8676470588235294,0.7532475490196078,0.780083206375249,0.7205817276954133,0.9127718904441383,0.8731343283582089,0.9292446891748,1,1,0
0.7,0.15,0.15,15.0,0.1,0.8676470588235294,0.7532475490196078,0.780083206375249,0.7205817276954133,0.9127718904441383,0.8731343283582089,0.9292446891748,1,1,0
0.7,0.15,0.15,15.0,0.15,0.8676470588235294,0.7532475490196078,0.780083206375249,0.7205817276954133,0.9127718904441383,0.8731343283582089,0.9292446891748,1,1,0
0.7,0.15,0.15,18.0,0.05,0.8676470588235294,0.7532475490196078,0.780083206375249,0.7205817276954133,0.9127718904441383,0.8731343283582089,0.9292446891748,1,1,0
0.7,0.15,0.15,18.0,0.07,0.8676470588235294,0.7532475490196078,0.780083206375249,0.7205817276954133,0.9127718904441383,0.8731343283582089,0.9292446891748,1,1,0
0.7,0.15,0.15,18.0,0.1,0.8676470588235294,0.7532475490196078,0.780083206375249,0.7205817276954133,0.9127718904441383,0.8731343283582089,0.9292446891748,1,1,0
0.7,0.15,0.15,18.0,0.15,0.8676470588235294,0.7532475490196078,0.780083206375249,0.7205817276954133,0.9127718904441383,0.8731343283582089,0.9292446891748,1,1,0
0.7,0.15,0.15,20.0,0.05,0.8676470588235294,0.7532475490196078,0.780083206375249,0.7205817276954133,0.9127718904441383,0.8731343283582089,0.9292446891748,1,1,0
0.7,0.15,0.15,20.0,0.07,0.8676470588235294,0.7532475490196078,0.780083206375249,0.7205817276954133,0.9127718904441383,0.8731343283582089,0.9292446891748,1,1,0
0.7,0.15,0.15,20.0,0.1,0.8676470588235294,0.7532475490196078,0.780083206375249,0.7205817276954133,0.9127718904441383,0.8731343283582089,0.9292446891748,1,1,0
0.7,0.15,0.15,20.0,0.15,0.8676470588235294,0.7532475490196078,0.780083206375249,0.7205817276954133,0.9127718904441383,0.8731343283582089,0.9292446891748,1,1,0
0.7,0.15,0.15,25.0,0.05,0.8676470588235294,0.7532475490196078,0.780083206375249,0.7205817276954133,0.9127718904441383,0.8731343283582089,0.9292446891748,1,1,0
0.7,0.15,0.15,25.0,0.07,0.8676470588235294,0.7532475490196078,0.780083206375249,0.7205817276954133,0.9127718904441383,0.8731343283582089,0.9292446891748,1,1,0
0.7,0.15,0.15,25.0,0.1,0.8676470588235294,0.7532475490196078,0.780083206375249,0.7205817276954133,0.9127718904441383,0.8731343283582089,0.9292446891748,1,1,0
0.7,0.15,0.15,25.0,0.15,0.8676470588235294,0.7532475490196078,0.780083206375249,0.7205817276954133,0.9127718904441383,0.8731343283582089,0.9292446891748,1,1,0
0.7,0.2,0.1,10.0,0.05,0.8676470588235294,0.7532475490196078,0.780083206375249,0.7205817276954133,0.9127718904441383,0.8731343283582089,0.9292446891748,1,1,0
0.7,0.2,0.1,10.0,0.07,0.8676470588235294,0.7532475490196078,0.780083206375249,0.7205817276954133,0.9127718904441383,0.8731343283582089,0.9292446891748,1,1,0
0.7,0.2,0.1,10.0,0.1,0.8676470588235294,0.7532475490196078,0.780083206375249,0.7205817276954133,0.9127718904441383,0.8731343283582089,0.9292446891748,1,1,0
0.7,0.2,0.1,10.0,0.15,0.8676470588235294,0.7532475490196078,0.780083206375249,0.7205817276954133,0.9127718904441383,0.8731343283582089,0.9292446891748,1,1,0
0.7,0.2,0.1,12.0,0.05,0.8676470588235294,0.7532475490196078,0.780083206375249,0.7205817276954133,0.9127718904441383,0.8731343283582089,0.9292446891748,1,1,0
0.7,0.2,0.1,12.0,0.07,0.8676470588235294,0.7532475490196078,0.780083206375249,0.7205817276954133,0.9127718904441383,0.8731343283582089,0.9292446891748,1,1,0
0.7,0.2,0.1,12.0,0.1,0.8676470588235294,0.7532475490196078,0.780083206375249,0.7205817276954133,0.9127718904441383,0.8731343283582089,0.9292446891748,1,1,0
0.7,0.2,0.1,12.0,0.15,0.8676470588235294,0.7532475490196078,0.780083206375249,0.7205817276954133,0.9127718904441383,0.8731343283582089,0.9292446891748,1,1,0
0.7,0.2,0.1,15.0,0.05,0.8676470588235294,0.7532475490196078,0.780083206375249,0.7205817276954133,0.9127718904441383,0.8731343283582089,0.9292446891748,1,1,0
0.7,0.2,0.1,15.0,0.07,0.8676470588235294,0.7532475490196078,0.780083206375249,0.7205817276954133,0.9127718904441383,0.8731343283582089,0.9292446891748,1,1,0
0.7,0.2,0.1,15.0,0.1,0.8676470588235294,0.7532475490196078,0.780083206375249,0.7205817276954133,0.9127718904441383,0.8731343283582089,0.9292446891748,1,1,0
0.7,0.2,0.1,15.0,0.15,0.8676470588235294,0.7532475490196078,0.780083206375249,0.7205817276954133,0.9127718904441383,0.8731343283582089,0.9292446891748,1,1,0
0.7,0.2,0.1,18.0,0.05,0.8676470588235294,0.7532475490196078,0.780083206375249,0.7205817276954133,0.9127718904441383,0.8731343283582089,0.9292446891748,1,1,0
0.7,0.2,0.1,18.0,0.07,0.8676470588235294,0.7532475490196078,0.780083206375249,0.7205817276954133,0.9127718904441383,0.8731343283582089,0.9292446891748,1,1,0
0.7,0.2,0.1,18.0,0.1,0.8676470588235294,0.7532475490196078,0.780083206375249,0.7205817276954133,0.9127718904441383,0.8731343283582089,0.9292446891748,1,1,0
0.7,0.2,0.1,18.0,0.15,0.8676470588235294,0.7532475490196078,0.780083206375249,0.7205817276954133,0.9127718904441383,0.8731343283582089,0.9292446891748,1,1,0
0.7,0.2,0.1,20.0,0.05,0.8676470588235294,0.7532475490196078,0.780083206375249,0.7205817276954133,0.9127718904441383,0.8731343283582089,0.9292446891748,1,1,0
0.7,0.2,0.1,20.0,0.07,0.8676470588235294,0.7532475490196078,0.780083206375249,0.7205817276954133,0.9127718904441383,0.8731343283582089,0.9292446891748,1,1,0
0.7,0.2,0.1,20.0,0.1,0.8676470588235294,0.7532475490196078,0.780083206375249,0.7205817276954133,0.9127718904441383,0.8731343283582089,0.9292446891748,1,1,0
0.7,0.2,0.1,20.0,0.15,0.8676470588235294,0.7532475490196078,0.780083206375249,0.7205817276954133,0.9127718904441383,0.8731343283582089,0.9292446891748,1,1,0
0.7,0.2,0.1,25.0,0.05,0.8676470588235294,0.7532475490196078,0.780083206375249,0.7205817276954133,0.9127718904441383,0.8731343283582089,0.9292446891748,1,1,0
0.7,0.2,0.1,25.0,0.07,0.8676470588235294,0.7532475490196078,0.780083206375249,0.7205817276954133,0.9127718904441383,0.8731343283582089,0.9292446891748,1,1,0
0.7,0.2,0.1,25.0,0.1,0.8676470588235294,0.7532475490196078,0.780083206375249,0.7205817276954133,0.9127718904441383,0.8731343283582089,0.9292446891748,1,1,0
0.7,0.2,0.1,25.0,0.15,0.8676470588235294,0.7532475490196078,0.780083206375249,0.7205817276954133,0.9127718904441383,0.8731343283582089,0.9292446891748,1,1,1
0.75,0.05,0.2,10.0,0.05,0.8676470588235294,0.7532475490196078,0.780083206375249,0.7205817276954133,0.9127718904441383,0.8731343283582089,0.9292446891748,1,1,0
0.75,0.05,0.2,10.0,0.07,0.8676470588235294,0.7532475490196078,0.780083206375249,0.7205817276954133,0.9127718904441383,0.8731343283582089,0.9292446891748,1,1,0
0.75,0.05,0.2,10.0,0.1,0.8676470588235294,0.7532475490196078,0.780083206375249,0.7205817276954133,0.9127718904441383,0.8731343283582089,0.9292446891748,1,1,0
0.75,0.05,0.2,10.0,0.15,0.8676470588235294,0.7532475490196078,0.780083206375249,0.7205817276954133,0.9127718904441383,0.8731343283582089,0.9292446891748,1,1,0
0.75,0.05,0.2,12.0,0.05,0.8676470588235294,0.7532475490196078,0.780083206375249,0.7205817276954133,0.9127718904441383,0.8731343283582089,0.9292446891748,1,1,0
0.75,0.05,0.2,12.0,0.07,0.8676470588235294,0.7532475490196078,0.780083206375249,0.7205817276954133,0.9127718904441383,0.8731343283582089,0.9292446891748,1,1,0
0.75,0.05,0.2,12.0,0.1,0.8676470588235294,0.7532475490196078,0.780083206375249,0.7205817276954133,0.9127718904441383,0.8731343283582089,0.9292446891748,1,1,0
0.75,0.05,0.2,12.0,0.15,0.8676470588235294,0.7532475490196078,0.780083206375249,0.7205817276954133,0.9127718904441383,0.8731343283582089,0.9292446891748,1,1,0
0.75,0.05,0.2,15.0,0.05,0.8676470588235294,0.7532475490196078,0.780083206375249,0.7205817276954133,0.9127718904441383,0.8731343283582089,0.9292446891748,1,1,0
0.75,0.05,0.2,15.0,0.07,0.8676470588235294,0.7532475490196078,0.780083206375249,0.7205817276954133,0.9127718904441383,0.8731343283582089,0.9292446891748,1,1,0
0.75,0.05,0.2,15.0,0.1,0.8676470588235294,0.7532475490196078,0.780083206375249,0.7205817276954133,0.9127718904441383,0.8731343283582089,0.9292446891748,1,1,0
0.75,0.05,0.2,15.0,0.15,0.8676470588235294,0.7532475490196078,0.780083206375249,0.7205817276954133,0.9127718904441383,0.8731343283582089,0.9292446891748,1,1,0
0.75,0.05,0.2,18.0,0.05,0.8676470588235294,0.7532475490196078,0.780083206375249,0.7205817276954133,0.9127718904441383,0.8731343283582089,0.9292446891748,1,1,0
0.75,0.05,0.2,18.0,0.07,0.8676470588235294,0.7532475490196078,0.780083206375249,0.7205817276954133,0.9127718904441383,0.8731343283582089,0.9292446891748,1,1,0
0.75,0.05,0.2,18.0,0.1,0.8676470588235294,0.7532475490196078,0.780083206375249,0.7205817276954133,0.9127718904441383,0.8731343283582089,0.9292446891748,1,1,0
0.75,0.05,0.2,18.0,0.15,0.8676470588235294,0.7532475490196078,0.780083206375249,0.7205817276954133,0.9127718904441383,0.8731343283582089,0.9292446891748,1,1,0
0.75,0.05,0.2,20.0,0.05,0.8676470588235294,0.7532475490196078,0.780083206375249,0.7205817276954133,0.9127718904441383,0.8731343283582089,0.9292446891748,1,1,0
0.75,0.05,0.2,20.0,0.07,0.8676470588235294,0.7532475490196078,0.780083206375249,0.7205817276954133,0.9127718904441383,0.8731343283582089,0.9292446891748,1,1,0
0.75,0.05,0.2,20.0,0.1,0.8676470588235294,0.7532475490196078,0.780083206375249,0.7205817276954133,0.9127718904441383,0.8731343283582089,0.9292446891748,1,1,0
0.75,0.05,0.2,20.0,0.15,0.8676470588235294,0.7532475490196078,0.780083206375249,0.7205817276954133,0.9127718904441383,0.8731343283582089,0.9292446891748,1,1,0
0.75,0.05,0.2,25.0,0.05,0.8676470588235294,0.7532475490196078,0.780083206375249,0.7205817276954133,0.9127718904441383,0.8731343283582089,0.9292446891748,1,1,0
0.75,0.05,0.2,25.0,0.07,0.8676470588235294,0.7532475490196078,0.780083206375249,0.7205817276954133,0.9127718904441383,0.8731343283582089,0.9292446891748,1,1,0
0.75,0.05,0.2,25.0,0.1,0.8676470588235294,0.7532475490196078,0.780083206375249,0.7205817276954133,0.9127718904441383,0.8731343283582089,0.9292446891748,1,1,0
0.75,0.05,0.2,25.0,0.15,0.8676470588235294,0.7532475490196078,0.780083206375249,0.7205817276954133,0.9127718904441383,0.8731343283582089,0.9292446891748,1,1,0
0.75,0.1,0.15,10.0,0.05,0.8676470588235294,0.7532475490196078,0.780083206375249,0.7205817276954133,0.9127718904441383,0.8731343283582089,0.9292446891748,1,1,0
0.75,0.1,0.15,10.0,0.07,0.8676470588235294,0.7532475490196078,0.780083206375249,0.7205817276954133,0.9127718904441383,0.8731343283582089,0.9292446891748,1,1,0
0.75,0.1,0.15,10.0,0.1,0.8676470588235294,0.7532475490196078,0.780083206375249,0.7205817276954133,0.9127718904441383,0.8731343283582089,0.9292446891748,1,1,0
0.75,0.1,0.15,10.0,0.15,0.8676470588235294,0.7532475490196078,0.780083206375249,0.7205817276954133,0.9127718904441383,0.8731343283582089,0.9292446891748,1,1,0
0.75,0.1,0.15,12.0,0.05,0.8676470588235294,0.7532475490196078,0.780083206375249,0.7205817276954133,0.9127718904441383,0.8731343283582089,0.9292446891748,1,1,0
0.75,0.1,0.15,12.0,0.07,0.8676470588235294,0.7532475490196078,0.780083206375249,0.7205817276954133,0.9127718904441383,0.8731343283582089,0.9292446891748,1,1,0
0.75,0.1,0.15,12.0,0.1,0.8676470588235294,0.7532475490196078,0.780083206375249,0.7205817276954133,0.9127718904441383,0.8731343283582089,0.9292446891748,1,1,0
0.75,0.1,0.15,12.0,0.15,0.8676470588235294,0.7532475490196078,0.780083206375249,0.7205817276954133,0.9127718904441383,0.8731343283582089,0.9292446891748,1,1,0
0.75,0.1,0.15,15.0,0.05,0.8676470588235294,0.7532475490196078,0.780083206375249,0.7205817276954133,0.9127718904441383,0.8731343283582089,0.9292446891748,1,1,0
0.75,0.1,0.15,15.0,0.07,0.8676470588235294,0.7532475490196078,0.780083206375249,0.7205817276954133,0.9127718904441383,0.8731343283582089,0.9292446891748,1,1,0
0.75,0.1,0.15,15.0,0.1,0.8676470588235294,0.7532475490196078,0.780083206375249,0.7205817276954133,0.9127718904441383,0.8731343283582089,0.9292446891748,1,1,0
0.75,0.1,0.15,15.0,0.15,0.8676470588235294,0.7532475490196078,0.780083206375249,0.7205817276954133,0.9127718904441383,0.8731343283582089,0.9292446891748,1,1,0
0.75,0.1,0.15,18.0,0.05,0.8676470588235294,0.7532475490196078,0.780083206375249,0.7205817276954133,0.9127718904441383,0.8731343283582089,0.9292446891748,1,1,0
0.75,0.1,0.15,18.0,0.07,0.8676470588235294,0.7532475490196078,0.780083206375249,0.7205817276954133,0.9127718904441383,0.8731343283582089,0.9292446891748,1,1,0
0.75,0.1,0.15,18.0,0.1,0.8676470588235294,0.7532475490196078,0.780083206375249,0.7205817276954133,0.9127718904441383,0.8731343283582089,0.9292446891748,1,1,0
0.75,0.1,0.15,18.0,0.15,0.8676470588235294,0.7532475490196078,0.780083206375249,0.7205817276954133,0.9127718904441383,0.8731343283582089,0.9292446891748,1,1,0
0.75,0.1,0.15,20.0,0.05,0.8676470588235294,0.7532475490196078,0.780083206375249,0.7205817276954133,0.9127718904441383,0.8731343283582089,0.9292446891748,1,1,0
0.75,0.1,0.15,20.0,0.07,0.8676470588235294,0.7532475490196078,0.780083206375249,0.7205817276954133,0.9127718904441383,0.8731343283582089,0.9292446891748,1,1,0
0.75,0.1,0.15,20.0,0.1,0.8676470588235294,0.7532475490196078,0.780083206375249,0.7205817276954133,0.9127718904441383,0.8731343283582089,0.9292446891748,1,1,0
0.75,0.1,0.15,20.0,0.15,0.8676470588235294,0.7532475490196078,0.780083206375249,0.7205817276954133,0.9127718904441383,0.8731343283582089,0.9292446891748,1,1,0
0.75,0.1,0.15,25.0,0.05,0.8676470588235294,0.7532475490196078,0.780083206375249,0.7205817276954133,0.9127718904441383,0.8731343283582089,0.9292446891748,1,1,0
0.75,0.1,0.15,25.0,0.07,0.8676470588235294,0.7532475490196078,0.780083206375249,0.7205817276954133,0.9127718904441383,0.8731343283582089,0.9292446891748,1,1,0
0.75,0.1,0.15,25.0,0.1,0.8676470588235294,0.7532475490196078,0.780083206375249,0.7205817276954133,0.9127718904441383,0.8731343283582089,0.9292446891748,1,1,0
0.75,0.1,0.15,25.0,0.15,0.8676470588235294,0.7532475490196078,0.780083206375249,0.7205817276954133,0.9127718904441383,0.8731343283582089,0.9292446891748,1,1,0
0.75,0.15,0.1,10.0,0.05,0.8676470588235294,0.7532475490196078,0.780083206375249,0.7205817276954133,0.9127718904441383,0.8731343283582089,0.9292446891748,1,1,0
0.75,0.15,0.1,10.0,0.07,0.8676470588235294,0.7532475490196078,0.780083206375249,0.7205817276954133,0.9127718904441383,0.8731343283582089,0.9292446891748,1,1,0
0.75,0.15,0.1,10.0,0.1,0.8676470588235294,0.7532475490196078,0.780083206375249,0.7205817276954133,0.9127718904441383,0.8731343283582089,0.9292446891748,1,1,0
0.75,0.15,0.1,10.0,0.15,0.8676470588235294,0.7532475490196078,0.780083206375249,0.7205817276954133,0.9127718904441383,0.8731343283582089,0.9292446891748,1,1,0
0.75,0.15,0.1,12.0,0.05,0.8676470588235294,0.7532475490196078,0.780083206375249,0.7205817276954133,0.9127718904441383,0.8731343283582089,0.9292446891748,1,1,0
0.75,0.15,0.1,12.0,0.07,0.8676470588235294,0.7532475490196078,0.780083206375249,0.7205817276954133,0.9127718904441383,0.8731343283582089,0.9292446891748,1,1,0
0.75,0.15,0.1,12.0,0.1,0.8676470588235294,0.7532475490196078,0.780083206375249,0.7205817276954133,0.9127718904441383,0.8731343283582089,0.9292446891748,1,1,0
0.75,0.15,0.1,12.0,0.15,0.8676470588235294,0.7532475490196078,0.780083206375249,0.7205817276954133,0.9127718904441383,0.8731343283582089,0.9292446891748,1,1,0
0.75,0.15,0.1,15.0,0.05,0.8676470588235294,0.7532475490196078,0.780083206375249,0.7205817276954133,0.9127718904441383,0.8731343283582089,0.9292446891748,1,1,0
0.75,0.15,0.1,15.0,0.07,0.8676470588235294,0.7532475490196078,0.780083206375249,0.7205817276954133,0.9127718904441383,0.8731343283582089,0.9292446891748,1,1,0
0.75,0.15,0.1,15.0,0.1,0.8676470588235294,0.7532475490196078,0.780083206375249,0.7205817276954133,0.9127718904441383,0.8731343283582089,0.9292446891748,1,1,0
0.75,0.15,0.1,15.0,0.15,0.8676470588235294,0.7532475490196078,0.780083206375249,0.7205817276954133,0.9127718904441383,0.8731343283582089,0.9292446891748,1,1,0
0.75,0.15,0.1,18.0,0.05,0.8676470588235294,0.7532475490196078,0.780083206375249,0.7205817276954133,0.9127718904441383,0.8731343283582089,0.9292446891748,1,1,0
0.75,0.15,0.1,18.0,0.07,0.8676470588235294,0.7532475490196078,0.780083206375249,0.7205817276954133,0.9127718904441383,0.8731343283582089,0.9292446891748,1,1,0
0.75,0.15,0.1,18.0,0.1,0.8676470588235294,0.7532475490196078,0.780083206375249,0.7205817276954133,0.9127718904441383,0.8731343283582089,0.9292446891748,1,1,0
0.75,0.15,0.1,18.0,0.15,0.8676470588235294,0.7532475490196078,0.780083206375249,0.7205817276954133,0.9127718904441383,0.8731343283582089,0.9292446891748,1,1,0
0.75,0.15,0.1,20.0,0.05,0.8676470588235294,0.7532475490196078,0.780083206375249,0.7205817276954133,0.9127718904441383,0.8731343283582089,0.9292446891748,1,1,0
0.75,0.15,0.1,20.0,0.07,0.8676470588235294,0.7532475490196078,0.780083206375249,0.7205817276954133,0.9127718904441383,0.8731343283582089,0.9292446891748,1,1,0
0.75,0.15,0.1,20.0,0.1,0.8676470588235294,0.7532475490196078,0.780083206375249,0.7205817276954133,0.9127718904441383,0.8731343283582089,0.9292446891748,1,1,0
0.75,0.15,0.1,20.0,0.15,0.8676470588235294,0.7532475490196078,0.780083206375249,0.7205817276954133,0.9127718904441383,0.8731343283582089,0.9292446891748,1,1,0
0.75,0.15,0.1,25.0,0.05,0.8676470588235294,0.7532475490196078,0.780083206375249,0.7205817276954133,0.9127718904441383,0.8731343283582089,0.9292446891748,1,1,0
0.75,0.15,0.1,25.0,0.07,0.8676470588235294,0.7532475490196078,0.780083206375249,0.7205817276954133,0.9127718904441383,0.8731343283582089,0.9292446891748,1,1,0
0.75,0.15,0.1,25.0,0.1,0.8676470588235294,0.7532475490196078,0.780083206375249,0.7205817276954133,0.9127718904441383,0.8731343283582089,0.9292446891748,1,1,0
0.75,0.15,0.1,25.0,0.15,0.8676470588235294,0.7532475490196078,0.780083206375249,0.7205817276954133,0.9127718904441383,0.8731343283582089,0.9292446891748,1,1,0
0.75,0.2,0.05,10.0,0.05,0.8676470588235294,0.7532475490196078,0.780083206375249,0.7205817276954133,0.9127718904441383,0.8731343283582089,0.9292446891748,1,1,0
0.75,0.2,0.05,10.0,0.07,0.8676470588235294,0.7532475490196078,0.780083206375249,0.7205817276954133,0.9127718904441383,0.8731343283582089,0.9292446891748,1,1,0
0.75,0.2,0.05,10.0,0.1,0.8676470588235294,0.7532475490196078,0.780083206375249,0.7205817276954133,0.9127718904441383,0.8731343283582089,0.9292446891748,1,1,0
0.75,0.2,0.05,10.0,0.15,0.8676470588235294,0.7532475490196078,0.780083206375249,0.7205817276954133,0.9127718904441383,0.8731343283582089,0.9292446891748,1,1,0
0.75,0.2,0.05,12.0,0.05,0.8676470588235294,0.7532475490196078,0.780083206375249,0.7205817276954133,0.9127718904441383,0.8731343283582089,0.9292446891748,1,1,0
0.75,0.2,0.05,12.0,0.07,0.8676470588235294,0.7532475490196078,0.780083206375249,0.7205817276954133,0.9127718904441383,0.8731343283582089,0.9292446891748,1,1,0
0.75,0.2,0.05,12.0,0.1,0.8676470588235294,0.7532475490196078,0.780083206375249,0.7205817276954133,0.9127718904441383,0.8731343283582089,0.9292446891748,1,1,0
0.75,0.2,0.05,12.0,0.15,0.8676470588235294,0.7532475490196078,0.780083206375249,0.7205817276954133,0.9127718904441383,0.8731343283582089,0.9292446891748,1,1,0
0.75,0.2,0.05,15.0,0.05,0.8676470588235294,0.7532475490196078,0.780083206375249,0.7205817276954133,0.9127718904441383,0.8731343283582089,0.9292446891748,1,1,0
0.75,0.2,0.05,15.0,0.07,0.8676470588235294,0.7532475490196078,0.780083206375249,0.7205817276954133,0.9127718904441383,0.8731343283582089,0.9292446891748,1,1,0
0.75,0.2,0.05,15.0,0.1,0.8676470588235294,0.7532475490196078,0.780083206375249,0.7205817276954133,0.9127718904441383,0.8731343283582089,0.9292446891748,1,1,0
0.75,0.2,0.05,15.0,0.15,0.8676470588235294,0.7532475490196078,0.780083206375249,0.7205817276954133,0.9127718904441383,0.8731343283582089,0.9292446891748,1,1,0
0.75,0.2,0.05,18.0,0.05,0.8676470588235294,0.7532475490196078,0.780083206375249,0.7205817276954133,0.9127718904441383,0.8731343283582089,0.9292446891748,1,1,0
0.75,0.2,0.05,18.0,0.07,0.8676470588235294,0.7532475490196078,0.780083206375249,0.7205817276954133,0.9127718904441383,0.8731343283582089,0.9292446891748,1,1,0
0.75,0.2,0.05,18.0,0.1,0.8676470588235294,0.7532475490196078,0.780083206375249,0.7205817276954133,0.9127718904441383,0.8731343283582089,0.9292446891748,1,1,0
0.75,0.2,0.05,18.0,0.15,0.8676470588235294,0.7532475490196078,0.780083206375249,0.7205817276954133,0.9127718904441383,0.8731343283582089,0.9292446891748,1,1,0
0.75,0.2,0.05,20.0,0.05,0.8676470588235294,0.7532475490196078,0.780083206375249,0.7205817276954133,0.9127718904441383,0.8731343283582089,0.9292446891748,1,1,0
0.75,0.2,0.05,20.0,0.07,0.8676470588235294,0.7532475490196078,0.780083206375249,0.7205817276954133,0.9127718904441383,0.8731343283582089,0.9292446891748,1,1,0
0.75,0.2,0.05,20.0,0.1,0.8676470588235294,0.7532475490196078,0.780083206375249,0.7205817276954133,0.9127718904441383,0.8731343283582089,0.9292446891748,1,1,0
0.75,0.2,0.05,20.0,0.15,0.8676470588235294,0.7532475490196078,0.780083206375249,0.7205817276954133,0.9127718904441383,0.8731343283582089,0.9292446891748,1,1,0
0.75,0.2,0.05,25.0,0.05,0.8676470588235294,0.7532475490196078,0.780083206375249,0.7205817276954133,0.9127718904441383,0.8731343283582089,0.9292446891748,1,1,0
0.75,0.2,0.05,25.0,0.07,0.8676470588235294,0.7532475490196078,0.780083206375249,0.7205817276954133,0.9127718904441383,0.8731343283582089,0.9292446891748,1,1,0
0.75,0.2,0.05,25.0,0.1,0.8676470588235294,0.7532475490196078,0.780083206375249,0.7205817276954133,0.9127718904441383,0.8731343283582089,0.9292446891748,1,1,0
0.75,0.2,0.05,25.0,0.15,0.8676470588235294,0.7532475490196078,0.780083206375249,0.7205817276954133,0.9127718904441383,0.8731343283582089,0.9292446891748,1,1,0
0.8,0.05,0.15,10.0,0.05,0.8676470588235294,0.7532475490196078,0.780083206375249,0.7205817276954133,0.9127718904441383,0.8731343283582089,0.9292446891748,1,1,0
0.8,0.05,0.15,10.0,0.07,0.8676470588235294,0.7532475490196078,0.780083206375249,0.7205817276954133,0.9127718904441383,0.8731343283582089,0.9292446891748,1,1,0
0.8,0.05,0.15,10.0,0.1,0.8676470588235294,0.7532475490196078,0.780083206375249,0.7205817276954133,0.9127718904441383,0.8731343283582089,0.9292446891748,1,1,0
0.8,0.05,0.15,10.0,0.15,0.8676470588235294,0.7532475490196078,0.780083206375249,0.7205817276954133,0.9127718904441383,0.8731343283582089,0.9292446891748,1,1,2
0.8,0.05,0.15,12.0,0.05,0.8676470588235294,0.7532475490196078,0.780083206375249,0.7205817276954133,0.9127718904441383,0.8731343283582089,0.9292446891748,1,1,0
0.8,0.05,0.15,12.0,0.07,0.8676470588235294,0.7532475490196078,0.780083206375249,0.7205817276954133,0.9127718904441383,0.8731343283582089,0.9292446891748,1,1,0
0.8,0.05,0.15,12.0,0.1,0.8676470588235294,0.7532475490196078,0.780083206375249,0.7205817276954133,0.9127718904441383,0.8731343283582089,0.9292446891748,1,1,0
0.8,0.05,0.15,12.0,0.15,0.8676470588235294,0.7532475490196078,0.780083206375249,0.7205817276954133,0.9127718904441383,0.8731343283582089,0.9292446891748,1,1,2
0.8,0.05,0.15,15.0,0.05,0.8676470588235294,0.7532475490196078,0.780083206375249,0.7205817276954133,0.9127718904441383,0.8731343283582089,0.9292446891748,1,1,0
0.8,0.05,0.15,15.0,0.07,0.8676470588235294,0.7532475490196078,0.780083206375249,0.7205817276954133,0.9127718904441383,0.8731343283582089,0.9292446891748,1,1,0
0.8,0.05,0.15,15.0,0.1,0.8676470588235294,0.7532475490196078,0.780083206375249,0.7205817276954133,0.9127718904441383,0.8731343283582089,0.9292446891748,1,1,0
0.8,0.05,0.15,15.0,0.15,0.8676470588235294,0.7532475490196078,0.780083206375249,0.7205817276954133,0.9127718904441383,0.8731343283582089,0.9292446891748,1,1,2
0.8,0.05,0.15,18.0,0.05,0.8676470588235294,0.7532475490196078,0.780083206375249,0.7205817276954133,0.9127718904441383,0.8731343283582089,0.9292446891748,1,1,0
0.8,0.05,0.15,18.0,0.07,0.8676470588235294,0.7532475490196078,0.780083206375249,0.7205817276954133,0.9127718904441383,0.8731343283582089,0.9292446891748,1,1,0
0.8,0.05,0.15,18.0,0.1,0.8676470588235294,0.7532475490196078,0.780083206375249,0.7205817276954133,0.9127718904441383,0.8731343283582089,0.9292446891748,1,1,0
0.8,0.05,0.15,18.0,0.15,0.8676470588235294,0.7532475490196078,0.780083206375249,0.7205817276954133,0.9127718904441383,0.8731343283582089,0.9292446891748,1,1,1
0.8,0.05,0.15,20.0,0.05,0.8676470588235294,0.7532475490196078,0.780083206375249,0.7205817276954133,0.9127718904441383,0.8731343283582089,0.9292446891748,1,1,0
0.8,0.05,0.15,20.0,0.07,0.8676470588235294,0.7532475490196078,0.780083206375249,0.7205817276954133,0.9127718904441383,0.8731343283582089,0.9292446891748,1,1,0
0.8,0.05,0.15,20.0,0.1,0.8676470588235294,0.7532475490196078,0.780083206375249,0.7205817276954133,0.9127718904441383,0.8731343283582089,0.9292446891748,1,1,0
0.8,0.05,0.15,20.0,0.15,0.8676470588235294,0.7532475490196078,0.780083206375249,0.7205817276954133,0.9127718904441383,0.8731343283582089,0.9292446891748,1,1,1
0.8,0.05,0.15,25.0,0.05,0.8676470588235294,0.7532475490196078,0.780083206375249,0.7205817276954133,0.9127718904441383,0.8731343283582089,0.9292446891748,1,1,0
0.8,0.05,0.15,25.0,0.07,0.8676470588235294,0.7532475490196078,0.780083206375249,0.7205817276954133,0.9127718904441383,0.8731343283582089,0.9292446891748,1,1,0
0.8,0.05,0.15,25.0,0.1,0.8676470588235294,0.7532475490196078,0.780083206375249,0.7205817276954133,0.9127718904441383,0.8731343283582089,0.9292446891748,1,1,0
0.8,0.05,0.15,25.0,0.15,0.8676470588235294,0.7532475490196078,0.780083206375249,0.7205817276954133,0.9127718904441383,0.8731343283582089,0.9292446891748,1,1,1
0.8,0.1,0.1,10.0,0.05,0.8676470588235294,0.7532475490196078,0.780083206375249,0.7205817276954133,0.9127718904441383,0.8731343283582089,0.9292446891748,1,1,0
0.8,0.1,0.1,10.0,0.07,0.8676470588235294,0.7532475490196078,0.780083206375249,0.7205817276954133,0.9127718904441383,0.8731343283582089,0.9292446891748,1,1,0
0.8,0.1,0.1,10.0,0.1,0.8676470588235294,0.7532475490196078,0.780083206375249,0.7205817276954133,0.9127718904441383,0.8731343283582089,0.9292446891748,1,1,0
0.8,0.1,0.1,10.0,0.15,0.8676470588235294,0.7532475490196078,0.780083206375249,0.7205817276954133,0.9127718904441383,0.8731343283582089,0.9292446891748,1,1,2
0.8,0.1,0.1,12.0,0.05,0.8676470588235294,0.7532475490196078,0.780083206375249,0.7205817276954133,0.9127718904441383,0.8731343283582089,0.9292446891748,1,1,0
0.8,0.1,0.1,12.0,0.07,0.8676470588235294,0.7532475490196078,0.780083206375249,0.7205817276954133,0.9127718904441383,0.8731343283582089,0.9292446891748,1,1,0
0.8,0.1,0.1,12.0,0.1,0.8676470588235294,0.7532475490196078,0.780083206375249,0.7205817276954133,0.9127718904441383,0.8731343283582089,0.9292446891748,1,1,0
0.8,0.1,0.1,12.0,0.15,0.8676470588235294,0.7532475490196078,0.780083206375249,0.7205817276954133,0.9127718904441383,0.8731343283582089,0.9292446891748,1,1,1
0.8,0.1,0.1,15.0,0.05,0.8676470588235294,0.7532475490196078,0.780083206375249,0.7205817276954133,0.9127718904441383,0.8731343283582089,0.9292446891748,1,1,0
0.8,0.1,0.1,15.0,0.07,0.8676470588235294,0.7532475490196078,0.780083206375249,0.7205817276954133,0.9127718904441383,0.8731343283582089,0.9292446891748,1,1,0
0.8,0.1,0.1,15.0,0.1,0.8676470588235294,0.7532475490196078,0.780083206375249,0.7205817276954133,0.9127718904441383,0.8731343283582089,0.9292446891748,1,1,0
0.8,0.1,0.1,15.0,0.15,0.8676470588235294,0.7532475490196078,0.780083206375249,0.7205817276954133,0.9127718904441383,0.8731343283582089,0.9292446891748,1,1,1
0.8,0.1,0.1,18.0,0.05,0.8676470588235294,0.7532475490196078,0.780083206375249,0.7205817276954133,0.9127718904441383,0.8731343283582089,0.9292446891748,1,1,0
0.8,0.1,0.1,18.0,0.07,0.8676470588235294,0.7532475490196078,0.780083206375249,0.7205817276954133,0.9127718904441383,0.8731343283582089,0.9292446891748,1,1,0
0.8,0.1,0.1,18.0,0.1,0.8676470588235294,0.7532475490196078,0.780083206375249,0.7205817276954133,0.9127718904441383,0.8731343283582089,0.9292446891748,1,1,0
0.8,0.1,0.1,18.0,0.15,0.8676470588235294,0.7532475490196078,0.780083206375249,0.7205817276954133,0.9127718904441383,0.8731343283582089,0.9292446891748,1,1,1
0.8,0.1,0.1,20.0,0.05,0.8676470588235294,0.7532475490196078,0.780083206375249,0.7205817276954133,0.9127718904441383,0.8731343283582089,0.9292446891748,1,1,0
0.8,0.1,0.1,20.0,0.07,0.8676470588235294,0.7532475490196078,0.780083206375249,0.7205817276954133,0.9127718904441383,0.8731343283582089,0.9292446891748,1,1,0
0.8,0.1,0.1,20.0,0.1,0.8676470588235294,0.7532475490196078,0.780083206375249,0.7205817276954133,0.9127718904441383,0.8731343283582089,0.9292446891748,1,1,0
0.8,0.1,0.1,20.0,0.15,0.8676470588235294,0.7532475490196078,0.780083206375249,0.7205817276954133,0.9127718904441383,0.8731343283582089,0.9292446891748,1,1,1
0.8,0.1,0.1,25.0,0.05,0.8676470588235294,0.7532475490196078,0.780083206375249,0.7205817276954133,0.9127718904441383,0.8731343283582089,0.9292446891748,1,1,0
0.8,0.1,0.1,25.0,0.07,0.8676470588235294,0.7532475490196078,0.780083206375249,0.7205817276954133,0.9127718904441383,0.8731343283582089,0.9292446891748,1,1,0
0.8,0.1,0.1,25.0,0.1,0.8676470588235294,0.7532475490196078,0.780083206375249,0.7205817276954133,0.9127718904441383,0.8731343283582089,0.9292446891748,1,1,0
0.8,0.1,0.1,25.0,0.15,0.8676470588235294,0.7532475490196078,0.780083206375249,0.7205817276954133,0.9127718904441383,0.8731343283582089,0.9292446891748,1,1,1
0.8,0.15,0.05,10.0,0.05,0.8676470588235294,0.7532475490196078,0.780083206375249,0.7205817276954133,0.9127718904441383,0.8731343283582089,0.9292446891748,1,1,0
0.8,0.15,0.05,10.0,0.07,0.8676470588235294,0.7532475490196078,0.780083206375249,0.7205817276954133,0.9127718904441383,0.8731343283582089,0.9292446891748,1,1,0
0.8,0.15,0.05,10.0,0.1,0.8676470588235294,0.7532475490196078,0.780083206375249,0.7205817276954133,0.9127718904441383,0.8731343283582089,0.9292446891748,1,1,0
0.8,0.15,0.05,10.0,0.15,0.8676470588235294,0.7532475490196078,0.780083206375249,0.7205817276954133,0.9127718904441383,0.8731343283582089,0.9292446891748,1,1,1
0.8,0.15,0.05,12.0,0.05,0.8676470588235294,0.7532475490196078,0.780083206375249,0.7205817276954133,0.9127718904441383,0.8731343283582089,0.9292446891748,1,1,0
0.8,0.15,0.05,12.0,0.07,0.8676470588235294,0.7532475490196078,0.780083206375249,0.7205817276954133,0.9127718904441383,0.8731343283582089,0.9292446891748,1,1,0
0.8,0.15,0.05,12.0,0.1,0.8676470588235294,0.7532475490196078,0.780083206375249,0.7205817276954133,0.9127718904441383,0.8731343283582089,0.9292446891748,1,1,0
0.8,0.15,0.05,12.0,0.15,0.8676470588235294,0.7532475490196078,0.780083206375249,0.7205817276954133,0.9127718904441383,0.8731343283582089,0.9292446891748,1,1,1
0.8,0.15,0.05,15.0,0.05,0.8676470588235294,0.7532475490196078,0.780083206375249,0.7205817276954133,0.9127718904441383,0.8731343283582089,0.9292446891748,1,1,0
0.8,0.15,0.05,15.0,0.07,0.8676470588235294,0.7532475490196078,0.780083206375249,0.7205817276954133,0.9127718904441383,0.8731343283582089,0.9292446891748,1,1,0
0.8,0.15,0.05,15.0,0.1,0.8676470588235294,0.7532475490196078,0.780083206375249,0.7205817276954133,0.9127718904441383,0.8731343283582089,0.9292446891748,1,1,0
0.8,0.15,0.05,15.0,0.15,0.8676470588235294,0.7532475490196078,0.780083206375249,0.7205817276954133,0.9127718904441383,0.8731343283582089,0.9292446891748,1,1,1
0.8,0.15,0.05,18.0,0.05,0.8676470588235294,0.7532475490196078,0.780083206375249,0.7205817276954133,0.9127718904441383,0.8731343283582089,0.9292446891748,1,1,0
0.8,0.15,0.05,18.0,0.07,0.8676470588235294,0.7532475490196078,0.780083206375249,0.7205817276954133,0.9127718904441383,0.8731343283582089,0.9292446891748,1,1,0
0.8,0.15,0.05,18.0,0.1,0.8676470588235294,0.7532475490196078,0.780083206375249,0.7205817276954133,0.9127718904441383,0.8731343283582089,0.9292446891748,1,1,0
0.8,0.15,0.05,18.0,0.15,0.8676470588235294,0.7532475490196078,0.780083206375249,0.7205817276954133,0.9127718904441383,0.8731343283582089,0.9292446891748,1,1,1
0.8,0.15,0.05,20.0,0.05,0.8676470588235294,0.7532475490196078,0.780083206375249,0.7205817276954133,0.9127718904441383,0.8731343283582089,0.9292446891748,1,1,0
0.8,0.15,0.05,20.0,0.07,0.8676470588235294,0.7532475490196078,0.780083206375249,0.7205817276954133,0.9127718904441383,0.8731343283582089,0.9292446891748,1,1,0
0.8,0.15,0.05,20.0,0.1,0.8676470588235294,0.7532475490196078,0.780083206375249,0.7205817276954133,0.9127718904441383,0.8731343283582089,0.9292446891748,1,1,0
0.8,0.15,0.05,20.0,0.15,0.8676470588235294,0.7532475490196078,0.780083206375249,0.7205817276954133,0.9127718904441383,0.8731343283582089,0.9292446891748,1,1,1
0.8,0.15,0.05,25.0,0.05,0.8676470588235294,0.7532475490196078,0.780083206375249,0.7205817276954133,0.9127718904441383,0.8731343283582089,0.9292446891748,1,1,0
0.8,0.15,0.05,25.0,0.07,0.8676470588235294,0.7532475490196078,0.780083206375249,0.7205817276954133,0.9127718904441383,0.8731343283582089,0.9292446891748,1,1,0
0.8,0.15,0.05,25.0,0.1,0.8676470588235294,0.7532475490196078,0.780083206375249,0.7205817276954133,0.9127718904441383,0.8731343283582089,0.9292446891748,1,1,0
0.8,0.15,0.05,25.0,0.15,0.8676470588235294,0.7532475490196078,0.780083206375249,0.7205817276954133,0.9127718904441383,0.8731343283582089,0.9292446891748,1,1,1
0.8,0.2,-0.0,10.0,0.05,0.8676470588235294,0.7532475490196078,0.780083206375249,0.7205817276954133,0.9127718904441383,0.8731343283582089,0.9292446891748,1,1,0
0.8,0.2,-0.0,10.0,0.07,0.8676470588235294,0.7532475490196078,0.780083206375249,0.7205817276954133,0.9127718904441383,0.8731343283582089,0.9292446891748,1,1,0
0.8,0.2,-0.0,10.0,0.1,0.8676470588235294,0.7532475490196078,0.780083206375249,0.7205817276954133,0.9127718904441383,0.8731343283582089,0.9292446891748,1,1,0
0.8,0.2,-0.0,10.0,0.15,0.8676470588235294,0.7532475490196078,0.780083206375249,0.7205817276954133,0.9127718904441383,0.8731343283582089,0.9292446891748,1,1,1
0.8,0.2,-0.0,12.0,0.05,0.8676470588235294,0.7532475490196078,0.780083206375249,0.7205817276954133,0.9127718904441383,0.8731343283582089,0.9292446891748,1,1,0
0.8,0.2,-0.0,12.0,0.07,0.8676470588235294,0.7532475490196078,0.780083206375249,0.7205817276954133,0.9127718904441383,0.8731343283582089,0.9292446891748,1,1,0
0.8,0.2,-0.0,12.0,0.1,0.8676470588235294,0.7532475490196078,0.780083206375249,0.7205817276954133,0.9127718904441383,0.8731343283582089,0.9292446891748,1,1,0
0.8,0.2,-0.0,12.0,0.15,0.8676470588235294,0.7532475490196078,0.780083206375249,0.7205817276954133,0.9127718904441383,0.8731343283582089,0.9292446891748,1,1,1
0.8,0.2,-0.0,15.0,0.05,0.8676470588235294,0.7532475490196078,0.780083206375249,0.7205817276954133,0.9127718904441383,0.8731343283582089,0.9292446891748,1,1,0
0.8,0.2,-0.0,15.0,0.07,0.8676470588235294,0.7532475490196078,0.780083206375249,0.7205817276954133,0.9127718904441383,0.8731343283582089,0.9292446891748,1,1,0
0.8,0.2,-0.0,15.0,0.1,0.8676470588235294,0.7532475490196078,0.780083206375249,0.7205817276954133,0.9127718904441383,0.8731343283582089,0.9292446891748,1,1,0
0.8,0.2,-0.0,15.0,0.15,0.8676470588235294,0.7532475490196078,0.780083206375249,0.7205817276954133,0.9127718904441383,0.8731343283582089,0.9292446891748,1,1,1
0.8,0.2,-0.0,18.0,0.05,0.8676470588235294,0.7532475490196078,0.780083206375249,0.7205817276954133,0.9127718904441383,0.8731343283582089,0.9292446891748,1,1,0
0.8,0.2,-0.0,18.0,0.07,0.8676470588235294,0.7532475490196078,0.780083206375249,0.7205817276954133,0.9127718904441383,0.8731343283582089,0.9292446891748,1,1,0
0.8,0.2,-0.0,18.0,0.1,0.8676470588235294,0.7532475490196078,0.780083206375249,0.7205817276954133,0.9127718904441383,0.8731343283582089,0.9292446891748,1,1,0
0.8,0.2,-0.0,18.0,0.15,0.8676470588235294,0.7532475490196078,0.780083206375249,0.7205817276954133,0.9127718904441383,0.8731343283582089,0.9292446891748,1,1,1
0.8,0.2,-0.0,20.0,0.05,0.8676470588235294,0.7532475490196078,0.780083206375249,0.7205817276954133,0.9127718904441383,0.8731343283582089,0.9292446891748,1,1,0
0.8,0.2,-0.0,20.0,0.07,0.8676470588235294,0.7532475490196078,0.780083206375249,0.7205817276954133,0.9127718904441383,0.8731343283582089,0.9292446891748,1,1,0
0.8,0.2,-0.0,20.0,0.1,0.8676470588235294,0.7532475490196078,0.780083206375249,0.7205817276954133,0.9127718904441383,0.8731343283582089,0.9292446891748,1,1,0
0.8,0.2,-0.0,20.0,0.15,0.8676470588235294,0.7532475490196078,0.780083206375249,0.7205817276954133,0.9127718904441383,0.8731343283582089,0.9292446891748,1,1,1
0.8,0.2,-0.0,25.0,0.05,0.8676470588235294,0.7532475490196078,0.780083206375249,0.7205817276954133,0.9127718904441383,0.8731343283582089,0.9292446891748,1,1,0
0.8,0.2,-0.0,25.0,0.07,0.8676470588235294,0.7532475490196078,0.780083206375249,0.7205817276954133,0.9127718904441383,0.8731343283582089,0.9292446891748,1,1,0
0.8,0.2,-0.0,25.0,0.1,0.8676470588235294,0.7532475490196078,0.780083206375249,0.7205817276954133,0.9127718904441383,0.8731343283582089,0.9292446891748,1,1,0
0.8,0.2,-0.0,25.0,0.15,0.8676470588235294,0.7532475490196078,0.780083206375249,0.7205817276954133,0.9127718904441383,0.8731343283582089,0.9292446891748,1,1,1
0.85,0.05,0.1,10.0,0.05,0.8676470588235294,0.7532475490196078,0.780083206375249,0.7205817276954133,0.9127718904441383,0.8731343283582089,0.9292446891748,1,1,0
0.85,0.05,0.1,10.0,0.07,0.8676470588235294,0.7532475490196078,0.780083206375249,0.7205817276954133,0.9127718904441383,0.8731343283582089,0.9292446891748,1,1,0
0.85,0.05,0.1,10.0,0.1,0.8676470588235294,0.7532475490196078,0.780083206375249,0.7205817276954133,0.9127718904441383,0.8731343283582089,0.9292446891748,1,1,2
0.85,0.05,0.1,10.0,0.15,0.8676470588235294,0.7532475490196078,0.780083206375249,0.7205817276954133,0.9127718904441383,0.8731343283582089,0.9292446891748,1,1,2
0.85,0.05,0.1,12.0,0.05,0.8676470588235294,0.7532475490196078,0.780083206375249,0.7205817276954133,0.9127718904441383,0.8731343283582089,0.9292446891748,1,1,0
0.85,0.05,0.1,12.0,0.07,0.8676470588235294,0.7532475490196078,0.780083206375249,0.7205817276954133,0.9127718904441383,0.8731343283582089,0.9292446891748,1,1,0
0.85,0.05,0.1,12.0,0.1,0.8676470588235294,0.7532475490196078,0.780083206375249,0.7205817276954133,0.9127718904441383,0.8731343283582089,0.9292446891748,1,1,2
0.85,0.05,0.1,12.0,0.15,0.8676470588235294,0.7532475490196078,0.780083206375249,0.7205817276954133,0.9127718904441383,0.8731343283582089,0.9292446891748,1,1,2
0.85,0.05,0.1,15.0,0.05,0.8676470588235294,0.7532475490196078,0.780083206375249,0.7205817276954133,0.9127718904441383,0.8731343283582089,0.9292446891748,1,1,0
0.85,0.05,0.1,15.0,0.07,0.8676470588235294,0.7532475490196078,0.780083206375249,0.7205817276954133,0.9127718904441383,0.8731343283582089,0.9292446891748,1,1,0
0.85,0.05,0.1,15.0,0.1,0.8676470588235294,0.7532475490196078,0.780083206375249,0.7205817276954133,0.9127718904441383,0.8731343283582089,0.9292446891748,1,1,2
0.85,0.05,0.1,15.0,0.15,0.8676470588235294,0.7532475490196078,0.780083206375249,0.7205817276954133,0.9127718904441383,0.8731343283582089,0.9292446891748,1,1,2
0.85,0.05,0.1,18.0,0.05,0.8676470588235294,0.7532475490196078,0.780083206375249,0.7205817276954133,0.9127718904441383,0.8731343283582089,0.9292446891748,1,1,0
0.85,0.05,0.1,18.0,0.07,0.8676470588235294,0.7532475490196078,0.780083206375249,0.7205817276954133,0.9127718904441383,0.8731343283582089,0.9292446891748,1,1,0
0.85,0.05,0.1,18.0,0.1,0.8676470588235294,0.7532475490196078,0.780083206375249,0.7205817276954133,0.9127718904441383,0.8731343283582089,0.9292446891748,1,1,1
0.85,0.05,0.1,18.0,0.15,0.8676470588235294,0.7532475490196078,0.780083206375249,0.7205817276954133,0.9127718904441383,0.8731343283582089,0.9292446891748,1,1,2
0.85,0.05,0.1,20.0,0.05,0.8676470588235294,0.7532475490196078,0.780083206375249,0.7205817276954133,0.9127718904441383,0.8731343283582089,0.9292446891748,1,1,0
0.85,0.05,0.1,20.0,0.07,0.8676470588235294,0.7532475490196078,0.780083206375249,0.7205817276954133,0.9127718904441383,0.8731343283582089,0.9292446891748,1,1,0
0.85,0.05,0.1,20.0,0.1,0.8676470588235294,0.7532475490196078,0.780083206375249,0.7205817276954133,0.9127718904441383,0.8731343283582089,0.9292446891748,1,1,1
0.85,0.05,0.1,20.0,0.15,0.8676470588235294,0.7532475490196078,0.780083206375249,0.7205817276954133,0.9127718904441383,0.8731343283582089,0.9292446891748,1,1,2
0.85,0.05,0.1,25.0,0.05,0.8676470588235294,0.7532475490196078,0.780083206375249,0.7205817276954133,0.9127718904441383,0.8731343283582089,0.9292446891748,1,1,0
0.85,0.05,0.1,25.0,0.07,0.8676470588235294,0.7532475490196078,0.780083206375249,0.7205817276954133,0.9127718904441383,0.8731343283582089,0.9292446891748,1,1,0
0.85,0.05,0.1,25.0,0.1,0.8676470588235294,0.7532475490196078,0.780083206375249,0.7205817276954133,0.9127718904441383,0.8731343283582089,0.9292446891748,1,1,1
0.85,0.05,0.1,25.0,0.15,0.8676470588235294,0.7532475490196078,0.780083206375249,0.7205817276954133,0.9127718904441383,0.8731343283582089,0.9292446891748,1,1,2
0.85,0.1,0.05,10.0,0.05,0.8676470588235294,0.7532475490196078,0.780083206375249,0.7205817276954133,0.9127718904441383,0.8731343283582089,0.9292446891748,1,1,0
0.85,0.1,0.05,10.0,0.07,0.8676470588235294,0.7532475490196078,0.780083206375249,0.7205817276954133,0.9127718904441383,0.8731343283582089,0.9292446891748,1,1,0
0.85,0.1,0.05,10.0,0.1,0.8676470588235294,0.7532475490196078,0.780083206375249,0.7205817276954133,0.9127718904441383,0.8731343283582089,0.9292446891748,1,1,1
0.85,0.1,0.05,10.0,0.15,0.8676470588235294,0.7532475490196078,0.780083206375249,0.7205817276954133,0.9127718904441383,0.8731343283582089,0.9292446891748,1,1,2
0.85,0.1,0.05,12.0,0.05,0.8676470588235294,0.7532475490196078,0.780083206375249,0.7205817276954133,0.9127718904441383,0.8731343283582089,0.9292446891748,1,1,0
0.85,0.1,0.05,12.0,0.07,0.8676470588235294,0.7532475490196078,0.780083206375249,0.7205817276954133,0.9127718904441383,0.8731343283582089,0.9292446891748,1,1,0
0.85,0.1,0.05,12.0,0.1,0.8676470588235294,0.7532475490196078,0.780083206375249,0.7205817276954133,0.9127718904441383,0.8731343283582089,0.9292446891748,1,1,1
0.85,0.1,0.05,12.0,0.15,0.8676470588235294,0.7532475490196078,0.780083206375249,0.7205817276954133,0.9127718904441383,0.8731343283582089,0.9292446891748,1,1,2
0.85,0.1,0.05,15.0,0.05,0.8676470588235294,0.7532475490196078,0.780083206375249,0.7205817276954133,0.9127718904441383,0.8731343283582089,0.9292446891748,1,1,0
0.85,0.1,0.05,15.0,0.07,0.8676470588235294,0.7532475490196078,0.780083206375249,0.7205817276954133,0.9127718904441383,0.8731343283582089,0.9292446891748,1,1,0
0.85,0.1,0.05,15.0,0.1,0.8676470588235294,0.7532475490196078,0.780083206375249,0.7205817276954133,0.9127718904441383,0.8731343283582089,0.9292446891748,1,1,1
0.85,0.1,0.05,15.0,0.15,0.8676470588235294,0.7532475490196078,0.780083206375249,0.7205817276954133,0.9127718904441383,0.8731343283582089,0.9292446891748,1,1,2
0.85,0.1,0.05,18.0,0.05,0.8676470588235294,0.7532475490196078,0.780083206375249,0.7205817276954133,0.9127718904441383,0.8731343283582089,0.9292446891748,1,1,0
0.85,0.1,0.05,18.0,0.07,0.8676470588235294,0.7532475490196078,0.780083206375249,0.7205817276954133,0.9127718904441383,0.8731343283582089,0.9292446891748,1,1,0
0.85,0.1,0.05,18.0,0.1,0.8676470588235294,0.7532475490196078,0.780083206375249,0.7205817276954133,0.9127718904441383,0.8731343283582089,0.9292446891748,1,1,1
0.85,0.1,0.05,18.0,0.15,0.8676470588235294,0.7532475490196078,0.780083206375249,0.7205817276954133,0.9127718904441383,0.8731343283582089,0.9292446891748,1,1,2
0.85,0.1,0.05,20.0,0.05,0.8676470588235294,0.7532475490196078,0.780083206375249,0.7205817276954133,0.9127718904441383,0.8731343283582089,0.9292446891748,1,1,0
0.85,0.1,0.05,20.0,0.07,0.8676470588235294,0.7532475490196078,0.780083206375249,0.7205817276954133,0.9127718904441383,0.8731343283582089,0.9292446891748,1,1,0
0.85,0.1,0.05,20.0,0.1,0.8676470588235294,0.7532475490196078,0.780083206375249,0.7205817276954133,0.9127718904441383,0.8731343283582089,0.9292446891748,1,1,1
0.85,0.1,0.05,20.0,0.15,0.8676470588235294,0.7532475490196078,0.780083206375249,0.7205817276954133,0.9127718904441383,0.8731343283582089,0.9292446891748,1,1,2
0.85,0.1,0.05,25.0,0.05,0.8676470588235294,0.7532475490196078,0.780083206375249,0.7205817276954133,0.9127718904441383,0.8731343283582089,0.9292446891748,1,1,0
0.85,0.1,0.05,25.0,0.07,0.8676470588235294,0.7532475490196078,0.780083206375249,0.7205817276954133,0.9127718904441383,0.8731343283582089,0.9292446891748,1,1,0
0.85,0.1,0.05,25.0,0.1,0.8676470588235294,0.7532475490196078,0.780083206375249,0.7205817276954133,0.9127718904441383,0.8731343283582089,0.9292446891748,1,1,1
0.85,0.1,0.05,25.0,0.15,0.8676470588235294,0.7532475490196078,0.780083206375249,0.7205817276954133,0.9127718904441383,0.8731343283582089,0.9292446891748,1,1,2
0.85,0.15,0.0,10.0,0.05,0.8676470588235294,0.7532475490196078,0.780083206375249,0.7205817276954133,0.9127718904441383,0.8731343283582089,0.9292446891748,1,1,0
0.85,0.15,0.0,10.0,0.07,0.8676470588235294,0.7532475490196078,0.780083206375249,0.7205817276954133,0.9127718904441383,0.8731343283582089,0.9292446891748,1,1,0
0.85,0.15,0.0,10.0,0.1,0.8676470588235294,0.7532475490196078,0.780083206375249,0.7205817276954133,0.9127718904441383,0.8731343283582089,0.9292446891748,1,1,1
0.85,0.15,0.0,10.0,0.15,0.8676470588235294,0.7532475490196078,0.780083206375249,0.7205817276954133,0.9127718904441383,0.8731343283582089,0.9292446891748,1,1,2
0.85,0.15,0.0,12.0,0.05,0.8676470588235294,0.7532475490196078,0.780083206375249,0.7205817276954133,0.9127718904441383,0.8731343283582089,0.9292446891748,1,1,0
0.85,0.15,0.0,12.0,0.07,0.8676470588235294,0.7532475490196078,0.780083206375249,0.7205817276954133,0.9127718904441383,0.8731343283582089,0.9292446891748,1,1,0
0.85,0.15,0.0,12.0,0.1,0.8676470588235294,0.7532475490196078,0.780083206375249,0.7205817276954133,0.9127718904441383,0.8731343283582089,0.9292446891748,1,1,1
0.85,0.15,0.0,12.0,0.15,0.8676470588235294,0.7532475490196078,0.780083206375249,0.7205817276954133,0.9127718904441383,0.8731343283582089,0.9292446891748,1,1,2
0.85,0.15,0.0,15.0,0.05,0.8676470588235294,0.7532475490196078,0.780083206375249,0.7205817276954133,0.9127718904441383,0.8731343283582089,0.9292446891748,1,1,0
0.85,0.15,0.0,15.0,0.07,0.8676470588235294,0.7532475490196078,0.780083206375249,0.7205817276954133,0.9127718904441383,0.8731343283582089,0.9292446891748,1,1,0
0.85,0.15,0.0,15.0,0.1,0.8676470588235294,0.7532475490196078,0.780083206375249,0.7205817276954133,0.9127718904441383,0.8731343283582089,0.9292446891748,1,1,1
0.85,0.15,0.0,15.0,0.15,0.8676470588235294,0.7532475490196078,0.780083206375249,0.7205817276954133,0.9127718904441383,0.8731343283582089,0.9292446891748,1,1,2
0.85,0.15,0.0,18.0,0.05,0.8676470588235294,0.7532475490196078,0.780083206375249,0.7205817276954133,0.9127718904441383,0.8731343283582089,0.9292446891748,1,1,0
0.85,0.15,0.0,18.0,0.07,0.8676470588235294,0.7532475490196078,0.780083206375249,0.7205817276954133,0.9127718904441383,0.8731343283582089,0.9292446891748,1,1,0
0.85,0.15,0.0,18.0,0.1,0.8676470588235294,0.7532475490196078,0.780083206375249,0.7205817276954133,0.9127718904441383,0.8731343283582089,0.9292446891748,1,1,1
0.85,0.15,0.0,18.0,0.15,0.8676470588235294,0.7532475490196078,0.780083206375249,0.7205817276954133,0.9127718904441383,0.8731343283582089,0.9292446891748,1,1,2
0.85,0.15,0.0,20.0,0.05,0.8676470588235294,0.7532475490196078,0.780083206375249,0.7205817276954133,0.9127718904441383,0.8731343283582089,0.9292446891748,1,1,0
0.85,0.15,0.0,20.0,0.07,0.8676470588235294,0.7532475490196078,0.780083206375249,0.7205817276954133,0.9127718904441383,0.8731343283582089,0.9292446891748,1,1,0
0.85,0.15,0.0,20.0,0.1,0.8676470588235294,0.7532475490196078,0.780083206375249,0.7205817276954133,0.9127718904441383,0.8731343283582089,0.9292446891748,1,1,1
0.85,0.15,0.0,20.0,0.15,0.8676470588235294,0.7532475490196078,0.780083206375249,0.7205817276954133,0.9127718904441383,0.8731343283582089,0.9292446891748,1,1,2
0.85,0.15,0.0,25.0,0.05,0.8676470588235294,0.7532475490196078,0.780083206375249,0.7205817276954133,0.9127718904441383,0.8731343283582089,0.9292446891748,1,1,0
0.85,0.15,0.0,25.0,0.07,0.8676470588235294,0.7532475490196078,0.780083206375249,0.7205817276954133,0.9127718904441383,0.8731343283582089,0.9292446891748,1,1,0
0.85,0.15,0.0,25.0,0.1,0.8676470588235294,0.7532475490196078,0.780083206375249,0.7205817276954133,0.9127718904441383,0.8731343283582089,0.9292446891748,1,1,1
0.85,0.15,0.0,25.0,0.15,0.8676470588235294,0.7532475490196078,0.780083206375249,0.7205817276954133,0.9127718904441383,0.8731343283582089,0.9292446891748,1,1,2
0.9,0.05,0.05,10.0,0.05,0.8676470588235294,0.7532475490196078,0.780083206375249,0.7205817276954133,0.9127718904441383,0.8731343283582089,0.9292446891748,1,1,2
0.9,0.05,0.05,10.0,0.07,0.8676470588235294,0.7532475490196078,0.780083206375249,0.7205817276954133,0.9127718904441383,0.8731343283582089,0.9292446891748,1,1,2
0.9,0.05,0.05,10.0,0.1,0.8676470588235294,0.7532475490196078,0.780083206375249,0.7205817276954133,0.9127718904441383,0.8731343283582089,0.9292446891748,1,1,2
0.9,0.05,0.05,10.0,0.15,0.8676470588235294,0.7532475490196078,0.780083206375249,0.7205817276954133,0.9127718904441383,0.8731343283582089,0.9292446891748,1,1,2
0.9,0.05,0.05,12.0,0.05,0.8676470588235294,0.7532475490196078,0.780083206375249,0.7205817276954133,0.9127718904441383,0.8731343283582089,0.9292446891748,1,1,1
0.9,0.05,0.05,12.0,0.07,0.8676470588235294,0.7532475490196078,0.780083206375249,0.7205817276954133,0.9127718904441383,0.8731343283582089,0.9292446891748,1,1,2
0.9,0.05,0.05,12.0,0.1,0.8676470588235294,0.7532475490196078,0.780083206375249,0.7205817276954133,0.9127718904441383,0.8731343283582089,0.9292446891748,1,1,2
0.9,0.05,0.05,12.0,0.15,0.8676470588235294,0.7532475490196078,0.780083206375249,0.7205817276954133,0.9127718904441383,0.8731343283582089,0.9292446891748,1,1,2
0.9,0.05,0.05,15.0,0.05,0.8676470588235294,0.7532475490196078,0.780083206375249,0.7205817276954133,0.9127718904441383,0.8731343283582089,0.9292446891748,1,1,1
0.9,0.05,0.05,15.0,0.07,0.8676470588235294,0.7532475490196078,0.780083206375249,0.7205817276954133,0.9127718904441383,0.8731343283582089,0.9292446891748,1,1,2
0.9,0.05,0.05,15.0,0.1,0.8676470588235294,0.7532475490196078,0.780083206375249,0.7205817276954133,0.9127718904441383,0.8731343283582089,0.9292446891748,1,1,2
0.9,0.05,0.05,15.0,0.15,0.8676470588235294,0.7532475490196078,0.780083206375249,0.7205817276954133,0.9127718904441383,0.8731343283582089,0.9292446891748,1,1,2
0.9,0.05,0.05,18.0,0.05,0.8676470588235294,0.7532475490196078,0.780083206375249,0.7205817276954133,0.9127718904441383,0.8731343283582089,0.9292446891748,1,1,1
0.9,0.05,0.05,18.0,0.07,0.8676470588235294,0.7532475490196078,0.780083206375249,0.7205817276954133,0.9127718904441383,0.8731343283582089,0.9292446891748,1,1,2
0.9,0.05,0.05,18.0,0.1,0.8676470588235294,0.7532475490196078,0.780083206375249,0.7205817276954133,0.9127718904441383,0.8731343283582089,0.9292446891748,1,1,2
0.9,0.05,0.05,18.0,0.15,0.8676470588235294,0.7532475490196078,0.780083206375249,0.7205817276954133,0.9127718904441383,0.8731343283582089,0.9292446891748,1,1,2
0.9,0.05,0.05,20.0,0.05,0.8676470588235294,0.7532475490196078,0.780083206375249,0.7205817276954133,0.9127718904441383,0.8731343283582089,0.9292446891748,1,1,1
0.9,0.05,0.05,20.0,0.07,0.8676470588235294,0.7532475490196078,0.780083206375249,0.7205817276954133,0.9127718904441383,0.8731343283582089,0.9292446891748,1,1,2
0.9,0.05,0.05,20.0,0.1,0.8676470588235294,0.7532475490196078,0.780083206375249,0.7205817276954133,0.9127718904441383,0.8731343283582089,0.9292446891748,1,1,2
0.9,0.05,0.05,20.0,0.15,0.8676470588235294,0.7532475490196078,0.780083206375249,0.7205817276954133,0.9127718904441383,0.8731343283582089,0.9292446891748,1,1,2
0.9,0.05,0.05,25.0,0.05,0.8676470588235294,0.7532475490196078,0.780083206375249,0.7205817276954133,0.9127718904441383,0.8731343283582089,0.9292446891748,1,1,1
0.9,0.05,0.05,25.0,0.07,0.8676470588235294,0.7532475490196078,0.780083206375249,0.7205817276954133,0.9127718904441383,0.8731343283582089,0.9292446891748,1,1,2
0.9,0.05,0.05,25.0,0.1,0.8676470588235294,0.7532475490196078,0.780083206375249,0.7205817276954133,0.9127718904441383,0.8731343283582089,0.9292446891748,1,1,2
0.9,0.05,0.05,25.0,0.15,0.8676470588235294,0.7532475490196078,0.780083206375249,0.7205817276954133,0.9127718904441383,0.8731343283582089,0.9292446891748,1,1,2
0.9,0.1,-0.0,10.0,0.05,0.8676470588235294,0.7532475490196078,0.780083206375249,0.7205817276954133,0.9127718904441383,0.8731343283582089,0.9292446891748,1,1,1
0.9,0.1,-0.0,10.0,0.07,0.8676470588235294,0.7532475490196078,0.780083206375249,0.7205817276954133,0.9127718904441383,0.8731343283582089,0.9292446891748,1,1,2
0.9,0.1,-0.0,10.0,0.1,0.8676470588235294,0.7532475490196078,0.780083206375249,0.7205817276954133,0.9127718904441383,0.8731343283582089,0.9292446891748,1,1,2
0.9,0.1,-0.0,10.0,0.15,0.8676470588235294,0.7532475490196078,0.780083206375249,0.7205817276954133,0.9127718904441383,0.8731343283582089,0.9292446891748,1,1,2
0.9,0.1,-0.0,12.0,0.05,0.8676470588235294,0.7532475490196078,0.780083206375249,0.7205817276954133,0.9127718904441383,0.8731343283582089,0.9292446891748,1,1,1
0.9,0.1,-0.0,12.0,0.07,0.8676470588235294,0.7532475490196078,0.780083206375249,0.7205817276954133,0.9127718904441383,0.8731343283582089,0.9292446891748,1,1,2
0.9,0.1,-0.0,12.0,0.1,0.8676470588235294,0.7532475490196078,0.780083206375249,0.7205817276954133,0.9127718904441383,0.8731343283582089,0.9292446891748,1,1,2
0.9,0.1,-0.0,12.0,0.15,0.8676470588235294,0.7532475490196078,0.780083206375249,0.7205817276954133,0.9127718904441383,0.8731343283582089,0.9292446891748,1,1,2
0.9,0.1,-0.0,15.0,0.05,0.8676470588235294,0.7532475490196078,0.780083206375249,0.7205817276954133,0.9127718904441383,0.8731343283582089,0.9292446891748,1,1,1
0.9,0.1,-0.0,15.0,0.07,0.8676470588235294,0.7532475490196078,0.780083206375249,0.7205817276954133,0.9127718904441383,0.8731343283582089,0.9292446891748,1,1,2
0.9,0.1,-0.0,15.0,0.1,0.8676470588235294,0.7532475490196078,0.780083206375249,0.7205817276954133,0.9127718904441383,0.8731343283582089,0.9292446891748,1,1,2
0.9,0.1,-0.0,15.0,0.15,0.8676470588235294,0.7532475490196078,0.780083206375249,0.7205817276954133,0.9127718904441383,0.8731343283582089,0.9292446891748,1,1,2
0.9,0.1,-0.0,18.0,0.05,0.8676470588235294,0.7532475490196078,0.780083206375249,0.7205817276954133,0.9127718904441383,0.8731343283582089,0.9292446891748,1,1,1
0.9,0.1,-0.0,18.0,0.07,0.8676470588235294,0.7532475490196078,0.780083206375249,0.7205817276954133,0.9127718904441383,0.8731343283582089,0.9292446891748,1,1,2
0.9,0.1,-0.0,18.0,0.1,0.8676470588235294,0.7532475490196078,0.780083206375249,0.7205817276954133,0.9127718904441383,0.8731343283582089,0.9292446891748,1,1,2
0.9,0.1,-0.0,18.0,0.15,0.8676470588235294,0.7532475490196078,0.780083206375249,0.7205817276954133,0.9127718904441383,0.8731343283582089,0.9292446891748,1,1,2
0.9,0.1,-0.0,20.0,0.05,0.8676470588235294,0.7532475490196078,0.780083206375249,0.7205817276954133,0.9127718904441383,0.8731343283582089,0.9292446891748,1,1,1
0.9,0.1,-0.0,20.0,0.07,0.8676470588235294,0.7532475490196078,0.780083206375249,0.7205817276954133,0.9127718904441383,0.8731343283582089,0.9292446891748,1,1,2
0.9,0.1,-0.0,20.0,0.1,0.8676470588235294,0.7532475490196078,0.780083206375249,0.7205817276954133,0.9127718904441383,0.8731343283582089,0.9292446891748,1,1,2
0.9,0.1,-0.0,20.0,0.15,0.8676470588235294,0.7532475490196078,0.780083206375249,0.7205817276954133,0.9127718904441383,0.8731343283582089,0.9292446891748,1,1,2
0.9,0.1,-0.0,25.0,0.05,0.8676470588235294,0.7532475490196078,0.780083206375249,0.7205817276954133,0.9127718904441383,0.8731343283582089,0.9292446891748,1,1,1
0.9,0.1,-0.0,25.0,0.07,0.8676470588235294,0.7532475490196078,0.780083206375249,0.7205817276954133,0.9127718904441383,0.8731343283582089,0.9292446891748,1,1,2
0.9,0.1,-0.0,25.0,0.1,0.8676470588235294,0.7532475490196078,0.780083206375249,0.7205817276954133,0.9127718904441383,0.8731343283582089,0.9292446891748,1,1,2
0.9,0.1,-0.0,25.0,0.15,0.8676470588235294,0.7532475490196078,0.780083206375249,0.7205817276954133,0.9127718904441383,0.8731343283582089,0.9292446891748,1,1,2
